{"Balaka":{"Long":35.056093561215,"Lat":-15.036478855464},"Lilongwe":{"Long":33.644057890415,"Lat":-14.139493843594},"Machinga":{"Long":35.567914865656,"Lat":-14.943522431951},"Mangochi":{"Long":35.137342247444,"Lat":-14.262446262238},"Mchinji":{"Long":33.056345472808,"Lat":-13.691316256777},"Mulanje":{"Long":35.509347464852,"Lat":-15.937403780269},"Mwanza":{"Long":34.640232519246,"Lat":-15.506475684444},"Mzimba":{"Long":33.586004150831,"Lat":-11.948338957436},"Nkhata Bay":{"Long":34.29598453744,"Lat":-11.606193050793},"Nkhotakota":{"Long":34.207690547343,"Lat":-12.811151051223},"Nsanje":{"Long":35.142941185722,"Lat":-16.745502931148},"Blantyre":{"Long":34.94538702445,"Lat":-15.67016671474},"Ntcheu":{"Long":34.714244916527,"Lat":-14.810480661294},"Ntchisi":{"Long":33.918362279522,"Lat":-13.297801948394},"Phalombe":{"Long":35.691193451795,"Lat":-15.66708581873},"Rumphi":{"Long":33.975374957372,"Lat":-10.817315955191},"Salima":{"Long":34.430629433264,"Lat":-13.705713540542},"Thyolo":{"Long":35.144664195873,"Lat":-16.104026381506},"Zomba":{"Long":35.581629861231,"Lat":-15.385382479375},"Chikwawa":{"Long":34.7061330246,"Lat":-16.151862702357},"Chiradzulu":{"Long":35.213499499516,"Lat":-15.745938859718},"Chitipa":{"Long":33.486248866603,"Lat":-9.9514394609975},"Dedza":{"Long":34.366487562127,"Lat":-14.158025605776},"Dowa":{"Long":33.672855740893,"Lat":-13.535522313615},"Karonga":{"Long":34.091005689245,"Lat":-10.079694815404},"Kasungu":{"Long":33.385507248618,"Lat":-12.983986242304},"Mzuzu City":{"Long":34.036484468784,"Lat":-11.441351574306},"Lilongwe City":{"Long":33.777476997542,"Lat":-13.808632410123},"Zomba City":{"Long":35.344768230463,"Lat":-15.362470499413},"Blantyre City":{"Long":35.068978786043,"Lat":-15.833330526471},"Likoma":{"Long":34.793189341624,"Lat":-11.985731448229}}