{"Abia":{"Long":7.5091357663889,"Lat":5.4517936847817},"Adamawa":{"Long":12.444612745143,"Lat":9.3440031814646},"Akwa Ibom":{"Long":7.8381766993232,"Lat":4.9122950988101},"Anambra":{"Long":6.9305915435168,"Lat":6.2082209578904},"Bauchi":{"Long":9.7462688007688,"Lat":10.439333108546},"Bayelsa":{"Long":6.105268248682,"Lat":4.7678129702641},"Benue":{"Long":8.7581076937904,"Lat":7.3243813161058},"Borno":{"Long":13.126822442513,"Lat":11.797337890792},"Cross River":{"Long":8.5813005140781,"Lat":5.8564408593598},"Delta":{"Long":6.0623824934155,"Lat":5.5373844493629},"Ebonyi":{"Long":8.0022172037961,"Lat":6.2652993029563},"Edo":{"Long":5.9048097144669,"Lat":6.624212401082},"Ekiti":{"Long":5.3131430418105,"Lat":7.7029177439778},"Enugu":{"Long":7.4210351393627,"Lat":6.5341490862593},"Federal Capital Territory":{"Long":7.1416819546644,"Lat":8.8614157567444},"Gombe":{"Long":11.244600272869,"Lat":10.405373128915},"Imo":{"Long":7.0468543358923,"Lat":5.550265142196},"Jigawa":{"Long":9.5504890774379,"Lat":12.216098402091},"Kaduna":{"Long":7.7061921082933,"Lat":10.355476188622},"Kano":{"Long":8.5133382979906,"Lat":11.736130178605},"Katsina":{"Long":7.6308341271872,"Lat":12.37258024599},"Kebbi":{"Long":4.2451112497525,"Lat":11.698979126723},"Kogi":{"Long":6.6960419993778,"Lat":7.716356482692},"Kwara":{"Long":4.8030381630835,"Lat":8.6865958303863},"Lagos":{"Long":3.5649471757242,"Lat":6.5270582210525},"Nassarawa":{"Long":8.1872525791366,"Lat":8.4988609875513},"Niger":{"Long":5.601163648173,"Lat":9.9359786373899},"Ogun":{"Long":3.4670484300073,"Lat":7.0017023116845},"Ondo":{"Long":4.9417632297296,"Lat":6.935626567005},"Osun":{"Long":4.5361334492825,"Lat":7.5347170612149},"Oyo":{"Long":3.6188457394336,"Lat":8.1436640231251},"Plateau":{"Long":9.5471550743578,"Lat":9.2098953185499},"Rivers":{"Long":6.9251853240462,"Lat":4.8604198541246},"Sokoto":{"Long":5.3175720212756,"Lat":13.034913346571},"Taraba":{"Long":10.829578328258,"Lat":8.0337085395731},"Water body":{"Long":13.750305431679,"Lat":13.309099582986},"Yobe":{"Long":11.443025552464,"Lat":12.297321744841},"Zamfara":{"Long":6.2617319662598,"Lat":12.088472335217}}