{"Banjul":{"Long":-16.651976690071,"Lat":13.449244735649},"Lower River":{"Long":-15.743030009099,"Lat":13.385884201433},"Maccarthy Island":{"Long":-14.928973374304,"Lat":13.599381302304},"North Bank":{"Long":-16.008546942867,"Lat":13.507440523924},"Upper River":{"Long":-14.160274326817,"Lat":13.393778764476},"Western":{"Long":-16.40155879802,"Lat":13.245395651021}}