{"SJM":{"Long":18.432974979314,"Lat":78.857339712295},"ISL":{"Long":-18.585152415792,"Lat":64.985713901087},"FRO":{"Long":-6.8913149800079,"Lat":62.070978673021},"GRL":{"Long":-41.307922103933,"Lat":74.760243619527},"FIN":{"Long":26.822403111294,"Lat":63.660603350171},"LVA":{"Long":24.926891656661,"Lat":56.85385412874},"NOR":{"Long":9.1340966457285,"Lat":61.071642769836},"EST":{"Long":25.551513931855,"Lat":58.670349117214},"BLR":{"Long":28.043950617464,"Lat":53.539640426906},"SWE":{"Long":14.85171776118,"Lat":60.960076928292},"LTU":{"Long":23.900662911581,"Lat":55.33709931004},"DNK":{"Long":9.2909672840536,"Lat":55.961816633824},"IMN":{"Long":-4.5413635523431,"Lat":54.231645018324},"POL":{"Long":19.401246181151,"Lat":52.124390258152},"MNG":{"Long":103.0699890747,"Lat":46.83764202052},"IRL":{"Long":-8.1476343603559,"Lat":53.180454834009},"BEL":{"Long":4.6633248076316,"Lat":50.640859444765},"NLD":{"Long":5.5871672433036,"Lat":52.265960303176},"CZE":{"Long":15.33182354912,"Lat":49.739121077734},"LUX":{"Long":6.0925667716523,"Lat":49.778439639176},"GBR":{"Long":-1.7357121736386,"Lat":53.158441826583},"SVK":{"Long":19.48543292872,"Lat":48.708001868168},"GGY":{"Long":-2.555935785063,"Lat":49.477831675169},"JEY":{"Long":-2.1325721347885,"Lat":49.22019632103},"HUN":{"Long":19.413625769805,"Lat":47.165452356134},"MDA":{"Long":28.466168837536,"Lat":47.201866296768},"DEU":{"Long":10.39268325454,"Lat":51.10670999916},"AUT":{"Long":14.144481140224,"Lat":47.587260015382},"LIE":{"Long":9.5526871831855,"Lat":47.142013057286},"SVN":{"Long":14.823253384048,"Lat":46.119352977615},"SPM":{"Long":-56.321600347004,"Lat":46.933288145738},"SRB":{"Long":20.807534236871,"Lat":44.029254829764},"UKR":{"Long":31.403510054321,"Lat":49.003889375512},"CHE":{"Long":8.2290600987499,"Lat":46.800741857123},"BIH":{"Long":17.785444938834,"Lat":44.166920646777},"ROU":{"Long":24.986314303266,"Lat":45.839376183594},"KAZ":{"Long":67.290445147006,"Lat":48.164895025295},"BGR":{"Long":25.23524345189,"Lat":42.757215226096},"SMR":{"Long":12.462533973638,"Lat":43.937334970577},"GEO":{"Long":43.512571466945,"Lat":42.179389079973},"MNE":{"Long":19.252035351531,"Lat":42.78627935185},"":{"Long":40.351626657001,"Lat":-22.341775584115},"KGZ":{"Long":74.556035534702,"Lat":41.464431748008},"HRV":{"Long":16.409597725778,"Lat":45.709421371805},"ALB":{"Long":20.064459506364,"Lat":41.139667624752},"AND":{"Long":1.5735274407006,"Lat":42.544661102809},"RUS":{"Long":96.703651958714,"Lat":61.992004230965},"MKD":{"Long":21.698156221408,"Lat":41.596926469963},"CAN":{"Long":-101.98129003971,"Lat":55.703510718892},"ARM":{"Long":45.172207651688,"Lat":40.245153570642},"UZB":{"Long":63.159388159012,"Lat":41.764677145724},"TJK":{"Long":71.037744229842,"Lat":38.527508381193},"AZE":{"Long":47.57377500671,"Lat":40.306640488034},"TKM":{"Long":59.38414626974,"Lat":39.114195107399},"AFG":{"Long":66.026105001676,"Lat":33.833458726877},"PRK":{"Long":127.17727029154,"Lat":40.143658072986},"SYR":{"Long":38.510146321631,"Lat":35.013196640924},"DZA":{"Long":2.6477205759516,"Lat":28.168198368819},"TUR":{"Long":35.172634542407,"Lat":39.061542948468},"MLT":{"Long":14.399347835209,"Lat":35.922778719168},"MAR":{"Long":-6.3047149640064,"Lat":31.877459430344},"CYP":{"Long":33.225160411035,"Lat":35.049503029135},"ITA":{"Long":12.077216442792,"Lat":42.796334977154},"GRC":{"Long":22.311731580947,"Lat":39.218105478029},"LBN":{"Long":35.895555892464,"Lat":33.920495644565},"KOR":{"Long":127.81477019503,"Lat":36.365885547487},"TUN":{"Long":9.5778318728872,"Lat":34.11971960897},"JOR":{"Long":36.788184238392,"Lat":31.249881322869},"ISR":{"Long":34.9669225154,"Lat":31.35177599536},"LBY":{"Long":18.028999248529,"Lat":27.041121479983},"BMU":{"Long":-64.803577276246,"Lat":32.286065621213},"PSE":{"Long":35.205449083406,"Lat":31.913327319129},"NPL":{"Long":83.940340448309,"Lat":28.261337522778},"PRT":{"Long":-8.5107807330875,"Lat":39.598039544794},"IRQ":{"Long":43.775653268403,"Lat":33.048335625591},"KWT":{"Long":47.6132439588,"Lat":29.350809322427},"BTN":{"Long":90.448319206078,"Lat":27.390301547771},"ESP":{"Long":-3.6459169351626,"Lat":40.228071980734},"ESH":{"Long":-13.13653880674,"Lat":24.661848135252},"BHR":{"Long":50.557901293827,"Lat":26.032002712607},"IRN":{"Long":54.30333923225,"Lat":32.56257949936},"MLI":{"Long":-3.5221323152103,"Lat":17.356355581962},"QAT":{"Long":51.199327866989,"Lat":25.293299507197},"ARE":{"Long":54.33709054449,"Lat":23.903770792196},"JPN":{"Long":138.14422223812,"Lat":36.065570718995},"PAK":{"Long":68.800242982859,"Lat":29.360248964006},"NER":{"Long":9.4009407769588,"Lat":17.423661825291},"TCD":{"Long":18.666725531395,"Lat":15.365036638734},"EGY":{"Long":29.772711762461,"Lat":26.568040821228},"LAO":{"Long":103.77454274692,"Lat":18.494894598822},"HKG":{"Long":114.12768397315,"Lat":22.384828341607},"MAC":{"Long":113.54637707686,"Lat":22.200235230068},"BHS":{"Long":-76.577526381904,"Lat":24.198030070354},"TCA":{"Long":-71.932288974071,"Lat":21.802837128437},"BGD":{"Long":90.269362338533,"Lat":23.848210622923},"CUB":{"Long":-79.003615829334,"Lat":21.619411755492},"USA":{"Long":-101.24218210839,"Lat":39.266716945746},"MRT":{"Long":-10.329820097826,"Lat":20.261321111932},"CYM":{"Long":-81.123857106101,"Lat":19.354597761511},"VGB":{"Long":-64.575661398938,"Lat":18.444791095485},"AIA":{"Long":-63.040317991543,"Lat":18.231984150176},"PRI":{"Long":-66.465530470208,"Lat":18.225562036188},"SDN":{"Long":30.374038331897,"Lat":17.308200763226},"HTI":{"Long":-72.685166934734,"Lat":18.937377531254},"JAM":{"Long":-77.308837693704,"Lat":18.15626850911},"GTM":{"Long":-90.355796418985,"Lat":15.695365895596},"VIR":{"Long":-64.792139865784,"Lat":17.959317686525},"DOM":{"Long":-70.49330019403,"Lat":18.895792337222},"OMN":{"Long":56.104862671511,"Lat":20.59189462181},"KNA":{"Long":-62.709100334371,"Lat":17.278530196035},"ATG":{"Long":-61.799718496551,"Lat":17.263946617273},"BLZ":{"Long":-88.691382454135,"Lat":17.203550453283},"MSR":{"Long":-62.19416135988,"Lat":16.733465330852},"SEN":{"Long":-14.469143095069,"Lat":14.359882622696},"SAU":{"Long":44.5473531781,"Lat":24.123485072493},"MEX":{"Long":-102.53353872982,"Lat":23.93855352162},"DMA":{"Long":-61.356772966628,"Lat":15.425124952507},"BFA":{"Long":-1.7461360441426,"Lat":12.274063561836},"CPV":{"Long":-23.975041365623,"Lat":15.938014839011},"ETH":{"Long":39.635554044197,"Lat":8.6305631794492},"MNP":{"Long":145.60158996439,"Lat":15.651161410285},"LCA":{"Long":-60.966440227083,"Lat":13.898194280228},"GMB":{"Long":-15.390800455666,"Lat":13.449688683241},"GUM":{"Long":144.77336185277,"Lat":13.437791637158},"BRB":{"Long":-59.554836068119,"Lat":13.167244347151},"HND":{"Long":-86.596508409167,"Lat":14.822780614643},"SLV":{"Long":-88.865088921017,"Lat":13.728237041508},"ERI":{"Long":38.829165910336,"Lat":15.381856181174},"DJI":{"Long":42.57963672503,"Lat":11.733779085044},"ABW":{"Long":-69.969016286128,"Lat":12.506508269844},"VCT":{"Long":-61.219422850107,"Lat":13.159299938937},"BEN":{"Long":2.3402024085421,"Lat":9.6500690097043},"GRD":{"Long":-61.679147035536,"Lat":12.119014966379},"NIC":{"Long":-85.033646860375,"Lat":12.839849806039},"YEM":{"Long":47.595411192823,"Lat":15.904788967445},"ANT":{"Long":-68.24847469025,"Lat":12.640695871568},"GHA":{"Long":-1.2076286054368,"Lat":7.9627017782891},"TGO":{"Long":0.97678327732809,"Lat":8.5291565532163},"CAF":{"Long":20.487440309495,"Lat":6.5742579317001},"GNB":{"Long":-14.985507558124,"Lat":12.015208085448},"TTO":{"Long":-61.254774372519,"Lat":10.468847040562},"KHM":{"Long":104.92051414334,"Lat":12.707631025568},"MMR":{"Long":96.51145129174,"Lat":21.128964702626},"GIN":{"Long":-10.939255823433,"Lat":10.435984303594},"VEN":{"Long":-66.152134463056,"Lat":7.1271079288964},"LBR":{"Long":-9.307083809909,"Lat":6.4470781803952},"LKA":{"Long":80.702242079241,"Lat":7.6204663780583},"VNM":{"Long":106.30490984838,"Lat":16.641707668389},"SLE":{"Long":-11.790168113448,"Lat":8.5603618475896},"PAN":{"Long":-80.102835526013,"Lat":8.5128014877734},"IND":{"Long":79.39435488027,