{"Central":{"Long":26.271682723909,"Lat":-21.538796729916},"Chobe":{"Long":24.803800325449,"Lat":-18.512696878247},"Francistown":{"Long":27.497112841441,"Lat":-21.177312380639},"Gaborone":{"Long":25.93114971787,"Lat":-24.619619623726},"Ghanzi":{"Long":22.599457514615,"Lat":-22.294119793695},"Jwaneng":{"Long":24.731131153406,"Lat":-24.607074962852},"Kgalagadi":{"Long":21.753468453116,"Lat":-24.856264223734},"Kgatleng":{"Long":26.351842089172,"Lat":-24.152417593589},"Kweneng":{"Long":24.686336549148,"Lat":-23.862785432067},"Lobatse":{"Long":25.685499141635,"Lat":-25.213798767539},"North-East":{"Long":27.56760203974,"Lat":-21.014552128599},"North-West":{"Long":22.771297279732,"Lat":-19.611551142149},"Selibe Phikwe":{"Long":27.848959271945,"Lat":-21.979188135255},"South-East":{"Long":25.772042550067,"Lat":-24.972419205855},"Southern":{"Long":24.465517806352,"Lat":-24.924800196732},"Sowa":{"Long":26.222942045458,"Lat":-20.563983606974}}